method,MAE,RMSE,KS,Wasserstein,time_sec
linear,673.0967856431078,10920.538622535232,0.002418304153058104,29.56708389104378,0.14579486846923828
ffill,926.559156746386,20316.907382122747,0.0003257125519802173,48.25785227370304,0.004032135009765625
poly,878.2173020582152,15964.762955848038,0.007415537827274166,42.58869065186948,19.84150981903076
knn,550.1704959015397,9901.324188596684,0.01634363120415483,23.777578649323637,7.6192028522491455
zeros,17625.457436998033,324378.61585924414,0.05544698470489551,1762.5142870822988,0.0022580623626708984
