method,MAE,RMSE,KS,Wasserstein,time_sec
linear,742.7972676408473,14117.900524389961,0.0022889114954221523,37.207895164468646,0.14325571060180664
ffill,1064.4837611101195,24264.445461488438,0.0002498616837108836,52.8533075975984,0.0029489994049072266
poly,914.5921028432347,16891.680462732933,0.007317377880102061,42.90986576016287,17.591366052627563
knn,688.5806422194013,12062.484492149517,0.017758026806589222,34.96365085046012,5.907987833023071
zeros,18638.479626985543,359189.70359968184,0.05598240259856152,1863.8146981138661,0.002554178237915039
