method,MAE,RMSE,KS,Wasserstein,time_sec
linear,720.7357902195251,12078.45365685338,0.002297835126983283,35.09668064507821,0.1436600685119629
ffill,906.446172809209,15621.020366220457,0.00035694526244400837,40.753829232910064,0.003515958786010742
poly,879.8106247514905,13580.609428088026,0.007411076011493656,37.552214247040574,18.719385862350464
knn,584.9747489762474,8537.88254393955,0.017008441755456793,29.13581273422514,6.656599998474121
zeros,18760.170932357665,334234.54820731864,0.05587978083560885,1875.9836114657007,0.002089977264404297
