method,MAE,RMSE,KS,Wasserstein,time_sec
linear,769.7067009325363,19893.955042829682,0.0021773661009084067,44.4211391350613,0.14422821998596191
ffill,1085.93793771194,27428.781229070013,0.00031678892041908657,66.31031267509773,0.0030372142791748047
poly,880.7491102027927,17317.006862778493,0.0072192179329299555,43.631784195177474,17.680705070495605
knn,673.5151464560705,14575.450504968987,0.01753939783334224,36.422926683882814,5.940112829208374
zeros,18344.922388898805,346900.57632576994,0.05565222823080079,1834.4594982242986,0.002187967300415039
