method,MAE,RMSE,KS,Wasserstein,time_sec
linear,721.1539619325956,19855.422044404542,0.002244293337616665,43.38645716032711,0.14965415000915527
ffill,900.1212405854004,22159.720726786338,0.0004238724991523224,47.94613003519437,0.0030829906463623047
knn_9,649.5969716089851,13675.507170048126,0.01685674001891807,36.994921816577076,7.130764007568359
poly,812.4150505202148,14332.699151362242,0.007312916064321537,43.88749017207915,19.390045166015625
knn_1,540.6617801462578,8527.107718097779,0.014719530260034641,23.860315249573034,5.890040159225464
knn_3,604.1500163001514,12741.72051014171,0.015817136942049947,33.78066383833066,8.837736129760742
knn_7,640.6382255843599,13886.257311990206,0.016745194624404325,36.5066964888159,7.2068190574646
zeros,17429.99188345529,355287.70369311556,0.05662044225518015,1742.968080580607,0.002331256866455078
knn_5,625.8630696783407,13893.597573445397,0.016468562046010216,35.88193118492355,6.474170923233032
